dt,temp_median,temp_min,temp_max,humidity_median,humidity_min,humidity_max,precipitation_median,precipitation_min,precipitation_max,wind_speed_median,wind_speed_min,wind_speed_max,monthly_temp_avg,monthly_humidity_avg,monthly_precipitation_avg,precipitation_type,precipitation_monthly_mode,wind_strength
2022-01-01,274.15,262.46,278.05,93.0,63,100,0,0,0.9,3.1,0.0,6.7,271.41096774193545,91.79032258064517,0.0,light,light,Gentle Breeze
2022-01-02,272.87,261.15,278.96,93.0,49,100,0,0,3.0,3.6,0.5,8.7,271.41096774193545,91.79032258064517,0.0,medium,light,Moderate Breeze
2022-01-03,273.2,259.15,278.79,92.0,43,100,0,0,0.9,3.09,0.5,10.3,271.41096774193545,91.79032258064517,0.0,light,light,Moderate Breeze
2022-01-04,273.45,256.15,276.9,91.0,53,100,0,0,0.9,4.1,1.0,9.3,271.41096774193545,91.79032258064517,0.0,light,light,Moderate Breeze
2022-01-05,269.15,252.15,277.05,92.0,50,100,0,0,0.9,2.6,0.5,6.7,271.41096774193545,91.79032258064517,0.0,light,light,Gentle Breeze
2022-01-06,269.22,248.65,276.78,92.0,63,100,0,0,0.9,2.7,0.5,5.7,271.41096774193545,91.79032258064517,0.0,light,light,Gentle Breeze
2022-01-07,271.15,245.15,278.35,92.0,55,100,0,0,0.9,3.6,0.5,12.3,271.41096774193545,91.79032258064517,0.0,light,light,Fresh Breeze
2022-01-08,272.15,251.15,279.9,93.0,49,100,0,0,0.9,3.1,0.5,10.3,271.41096774193545,91.79032258064517,0.0,light,light,Moderate Breeze
2022-01-09,272.15,253.15,278.15,93.0,74,100,0,0,0.3,2.6,0.5,7.72,271.41096774193545,91.79032258064517,0.0,light,light,Gentle Breeze
2022-01-10,270.03,252.15,276.15,93.0,32,100,0,0,0.9,3.09,0.35,7.7,271.41096774193545,91.79032258064517,0.0,light,light,Gentle Breeze
2022-01-11,270.65,254.74,277.21,92.0,59,100,0,0,0.9,4.76,0.5,9.77,271.41096774193545,91.79032258064517,0.0,light,light,Moderate Breeze
2022-01-12,271.15,260.1,278.77,92.0,71,100,0,0,3.0,4.63,0.5,10.3,271.41096774193545,91.79032258064517,0.0,medium,light,Moderate Breeze
2022-01-13,272.15,254.87,279.96,91.0,65,100,0,0,0.9,3.11,0.0,9.26,271.41096774193545,91.79032258064517,0.0,light,light,Moderate Breeze
2022-01-14,271.15,252.15,277.79,87.5,64,100,0,0,0.9,3.1,0.5,9.8,271.41096774193545,91.79032258064517,0.0,light,light,Moderate Breeze
2022-01-15,270.12,248.15,280.79,87.0,60,100,0,0,0.9,3.28,0.5,8.7,271.41096774193545,91.79032258064517,0.0,light,light,Moderate Breeze
2022-01-16,269.09,253.15,278.36,87.0,57,100,0,0,0.9,3.6,0.5,10.29,271.41096774193545,91.79032258064517,0.0,light,light,Moderate Breeze
2022-01-17,271.07,255.15,278.79,92.0,64,100,0,0,0.3,3.66,0.5,9.3,271.41096774193545,91.79032258064517,0.0,light,light,Moderate Breeze
2022-01-18,271.34,257.15,278.79,92.0,68,100,0,0,0.3,3.06,0.5,5.7,271.41096774193545,91.79032258064517,0.0,light,light,Gentle Breeze
2022-01-19,271.65,257.29,278.79,92.0,63,100,0,0,0.9,2.6,0.5,7.2,271.41096774193545,91.79032258064517,0.0,light,light,Gentle Breeze
2022-01-20,268.62,253.15,278.48,92.0,63,100,0,0,0.3,2.6,0.5,6.2,271.41096774193545,91.79032258064517,0.0,light,light,Gentle Breeze
2022-01-21,268.84,249.15,280.7,91.0,52,100,0,0,0.9,2.1,0.5,8.23,271.41096774193545,91.79032258064517,0.0,light,light,Moderate Breeze
2022-01-22,268.05,248.15,276.89,92.0,55,100,0,0,0.3,2.53,0.0,8.2,271.41096774193545,91.79032258064517,0.0,light,light,Moderate Breeze
2022-01-23,271.13,254.82,276.92,92.0,74,100,0,0,0.3,2.57,0.5,7.2,271.41096774193545,91.79032258064517,0.0,light,light,Gentle Breeze
2022-01-24,272.15,255.15,278.15,93.0,69,100,0,0,0.9,2.78,0.0,7.2,271.41096774193545,91.79032258064517,0.0,light,light,Gentle Breeze
2022-01-25,271.95,258.37,279.15,92.5,59,100,0,0,0.9,2.6,0.0,7.2,271.41096774193545,91.79032258064517,0.0,light,light,Gentle Breeze
2022-01-26,273.93,259.15,278.49,93.0,73,100,0,0,0.9,3.09,0.5,6.2,271.41096774193545,91.79032258064517,0.0,light,light,Gentle Breeze
2022-01-27,272.54,252.15,277.15,95.0,28,100,0,0,0.9,3.09,0.0,6.7,271.41096774193545,91.79032258064517,0.0,light,light,Gentle Breeze
2022-01-28,272.9,263.15,277.15,92.0,73,100,0,0,0.9,4.1,0.51,9.8,271.41096774193545,91.79032258064517,0.0,light,light,Moderate Breeze
2022-01-29,273.35,261.74,278.15,92.5,57,100,0,0,0.3,4.12,1.5,8.23,271.41096774193545,91.79032258064517,0.0,light,light,Moderate Breeze
2022-01-30,273.24,260.29,277.15,92.0,42,100,0,0,0.9,4.1,0.5,8.75,271.41096774193545,91.79032258064517,0.0,light,light,Moderate Breeze
2022-01-31,271.15,261.29,275.54,92.0,69,100,0,0,0.3,3.1,0.5,7.2,271.41096774193545,91.79032258064517,0.0,light,light,Gentle Breeze
2022-02-01,272.15,259.13,278.18,93.0,79,100,0,0,0.9,2.72,0.0,9.8,272.80892857142857,90.125,0.0,light,light,Moderate Breeze
2022-02-02,272.29,260.23,277.75,92.0,63,100,0,0,0.3,2.6,0.51,8.7,272.80892857142857,90.125,0.0,light,light,Moderate Breeze
2022-02-03,271.15,258.29,275.93,92.0,24,100,0,0,0.9,2.57,0.0,9.3,272.80892857142857,90.125,0.0,light,light,Moderate Breeze
2022-02-04,270.82,257.0,275.93,92.0,25,100,0,0,0.3,2.08,0.5,7.2,272.80892857142857,90.125,0.0,light,light,Gentle Breeze
2022-02-05,271.44,257.18,275.3,92.0,59,100,0,0,0.9,3.09,0.5,8.75,272.80892857142857,90.125,0.0,light,light,Moderate Breeze
2022-02-06,270.52,257.75,277.87,92.0,58,100,0,0,0.3,2.94,0.5,7.2,272.80892857142857,90.125,0.0,light,light,Gentle Breeze
2022-02-07,272.85,258.15,277.29,92.0,48,100,0,0,0.3,3.1,0.5,7.7,272.80892857142857,90.125,0.0,light,light,Gentle Breeze
2022-02-08,273.51,259.15,277.4,93.0,29,100,0,0,0.9,3.6,0.5,7.84,272.80892857142857,90.125,0.0,light,light,Gentle Breeze
2022-02-09,275.15,255.76,277.76,93.0,57,100,0,0,3.0,3.6,0.5,11.3,272.80892857142857,90.125,0.0,medium,light,Fresh Breeze
2022-02-10,273.88,255.15,279.29,88.0,25,100,0,0,3.0,3.6,1.0,10.3,272.80892857142857,90.125,0.0,medium,light,Moderate Breeze
2022-02-11,273.27,254.47,277.34,86.0,12,100,0,0,0.3,2.57,0.5,5.7,272.80892857142857,90.125,0.0,light,light,Gentle Breeze
2022-02-12,273.15,257.56,277.43,88.0,3,100,0,0,0.3,3.1,0.0,8.23,272.80892857142857,90.125,0.0,light,light,Moderate Breeze
2022-02-13,273.92,267.79,280.98,90.5,57,100,0,0,0.9,3.09,0.5,7.72,272.80892857142857,90.125,0.0,light,light,Gentle Breeze
2022-02-14,273.61,264.05,280.22,93.0,46,100,0,0,0.9,2.57,0.5,6.2,272.80892857142857,90.125,0.0,light,light,Gentle Breeze
2022-02-15,273.41,259.88,277.15,92.0,72,100,0,0,0.9,3.09,0.0,7.7,272.80892857142857,90.125,0.0,light,light,Gentle Breeze
2022-02-16,273.56,259.22,279.73,92.0,60,100,0,0,0.9,3.6,1.0,10.8,272.80892857142857,90.125,0.0,light,light,Fresh Breeze
2022-02-17,273.61,255.05,278.93,89.0,39,100,0,0,0.3,3.09,0.5,10.3,272.80892857142857,90.125,0.0,light,light,Moderate Breeze
2022-02-18,273.22,253.66,279.92,88.5,24,100,0,0,0.3,3.36,1.0,9.8,272.80892857142857,90.125,0.0,light,light,Moderate Breeze
2022-02-19,273.56,257.15,279.69,93.0,64,100,0,0,0.9,3.09,0.5,6.2,272.80892857142857,90.125,0.0,light,light,Gentle Breeze
2022-02-20,272.56,255.15,277.65,92.0,58,100,0,0,0.9,3.09,0.5,8.7,272.80892857142857,90.125,0.0,light,light,Moderate Breeze
2022-02-21,272.08,253.15,277.71,91.0,38,100,0,0,0.3,3.06,0.5,10.29,272.80892857142857,90.125,0.0,light,light,Moderate Breeze
2022-02-22,270.77,253.15,278.65,90.0,41,100,0,0,0.9,3.09,0.5,13.4,272.80892857142857,90.125,0.0,light,light,Fresh Breeze
2022-02-23,272.68,257.15,277.75,92.0,57,100,0,0,0.3,3.6,0.5,9.8,272.80892857142857,90.125,0.0,light,light,Moderate Breeze
2022-02-24,273.65,254.15,279.19,88.5,47,100,0,0,0.9,3.1,0.45,9.77,272.80892857142857,90.125,0.0,light,light,Moderate Breeze
2022-02-25,273.15,254.15,279.15,86.0,28,100,0,0,0.9,3.09,0.0,9.3,272.80892857142857,90.125,0.0,light,light,Moderate Breeze
2022-02-26,271.48,259.15,279.15,86.0,36,100,0,0,0.3,2.96,0.5,8.7,272.80892857142857,90.125,0.0,light,light,Moderate Breeze
2022-02-27,272.83,254.15,279.15,86.0,33,100,0,0,0.3,3.25,0.0,7.7,272.80892857142857,90.125,0.0,light,light,Gentle Breeze
2022-02-28,274.38,252.15,281.91,81.0,19,100,0,0,0.9,3.1,0.5,6.2,272.80892857142857,90.125,0.0,light,light,Gentle Breeze
2022-03-01,274.32,252.15,278.59,84.5,42,100,0,0,0.3,3.1,0.5,7.72,273.57096774193553,82.48387096774194,0.0,light,light,Gentle Breeze
2022-03-02,274.33,254.15,278.81,86.0,37,100,0,0,0.9,3.6,1.0,8.7,273.57096774193553,82.48387096774194,0.0,light,light,Moderate Breeze
2022-03-03,273.15,254.15,280.44,86.0,41,100,0,0,0.3,3.09,0.0,7.72,273.57096774193553,82.48387096774194,0.0,light,light,Gentle Breeze
2022-03-04,271.57,258.15,278.67,86.0,23,100,0,0,0.3,2.6,0.0,8.7,273.57096774193553,82.48387096774194,0.0,light,light,Moderate Breeze
2022-03-05,271.19,257.15,278.15,86.0,23,100,0,0,0.3,2.57,0.5,6.7,273.57096774193553,82.48387096774194,0.0,light,light,Gentle Breeze
2022-03-06,272.12,254.15,278.56,85.0,31,100,0,0,0.3,3.6,0.0,9.77,273.57096774193553,82.48387096774194,0.0,light,light,Moderate Breeze
2022-03-07,272.66,256.82,278.39,86.0,39,100,0,0,0.9,4.1,0.0,10.3,273.57096774193553,82.48387096774194,0.0,light,light,Moderate Breeze
2022-03-08,273.15,260.87,282.12,85.0,27,100,0,0,0.9,3.69,0.0,10.8,273.57096774193553,82.48387096774194,0.0,light,light,Fresh Breeze
2022-03-09,272.92,256.8,280.43,86.0,33,100,0,0,0.3,3.1,0.0,8.23,273.57096774193553,82.48387096774194,0.0,light,light,Moderate Breeze
2022-03-10,274.15,256.7,280.89,86.0,38,100,0,0,0.9,3.1,0.0,7.2,273.57096774193553,82.48387096774194,0.0,light,light,Gentle Breeze
2022-03-11,273.15,255.2,280.15,86.0,37,100,0,0,0.3,3.09,0.5,9.26,273.57096774193553,82.48387096774194,0.0,light,light,Moderate Breeze
2022-03-12,272.15,260.15,283.15,86.0,16,100,0,0,0.9,2.6,0.0,7.2,273.57096774193553,82.48387096774194,0.0,light,light,Gentle Breeze
2022-03-13,273.15,260.15,282.44,89.0,29,100,0,0,0.3,2.6,0.0,8.75,273.57096774193553,82.48387096774194,0.0,light,light,Moderate Breeze
2022-03-14,274.15,252.0,282.44,87.0,21,100,0,0,0.9,3.1,0.0,9.3,273.57096774193553,82.48387096774194,0.0,light,light,Moderate Breeze
2022-03-15,274.11,249.2,281.44,83.5,21,100,0,0,0.3,3.09,0.2,10.3,273.57096774193553,82.48387096774194,0.0,light,light,Moderate Breeze
2022-03-16,273.17,249.2,282.44,84.0,22,100,0,0,0.9,2.57,0.0,8.2,273.57096774193553,82.48387096774194,0.0,light,light,Moderate Breeze
2022-03-17,273.6,258.15,281.44,82.0,26,100,0,0,0.9,3.1,0.0,8.2,273.57096774193553,82.48387096774194,0.0,light,light,Moderate Breeze
2022-03-18,274.15,259.37,281.87,84.0,24,100,0,0,0.9,3.1,0.0,8.49,273.57096774193553,82.48387096774194,0.0,light,light,Moderate Breeze
2022-03-19,272.55,258.35,280.57,75.0,37,100,0,0,0.3,2.6,0.07,7.2,273.57096774193553,82.48387096774194,0.0,light,light,Gentle Breeze
2022-03-20,272.72,259.15,285.43,85.0,27,100,0,0,0.9,3.1,0.0,6.7,273.57096774193553,82.48387096774194,0.0,light,light,Gentle Breeze
2022-03-21,273.15,257.15,282.44,77.0,32,100,0,0,0.3,3.6,0.0,10.8,273.57096774193553,82.48387096774194,0.0,light,light,Fresh Breeze
2022-03-22,273.84,260.76,280.86,80.0,31,100,0,0,0.3,3.1,0.5,7.2,273.57096774193553,82.48387096774194,0.0,light,light,Gentle Breeze
2022-03-23,274.27,258.35,284.15,80.0,40,100,0,0,0.9,3.6,0.5,8.7,273.57096774193553,82.48387096774194,0.0,light,light,Moderate Breeze
2022-03-24,274.65,260.44,284.25,80.0,21,100,0,0,0.9,3.58,0.0,8.7,273.57096774193553,82.48387096774194,0.0,light,light,Moderate Breeze
2022-03-25,275.15,263.14,282.22,81.0,37,100,0,0,0.3,3.1,0.0,10.8,273.57096774193553,82.48387096774194,0.0,light,light,Fresh Breeze
2022-03-26,274.37,260.04,286.15,73.0,17,100,0,0,0.3,4.06,0.5,11.3,273.57096774193553,82.48387096774194,0.0,light,light,Fresh Breeze
2022-03-27,274.96,260.15,285.27,75.0,20,100,0,0,0.9,3.6,0.0,9.8,273.57096774193553,82.48387096774194,0.0,light,light,Moderate Breeze
2022-03-28,275.79,258.46,283.15,77.0,23,100,0,0,0.9,3.1,0.0,9.26,273.57096774193553,82.48387096774194,0.0,light,light,Moderate Breeze
2022-03-29,273.97,261.13,284.15,75.0,30,100,0,0,0.9,3.1,0.5,8.7,273.57096774193553,82.48387096774194,0.0,light,light,Moderate Breeze
2022-03-30,274.15,256.44,283.8,81.0,29,100,0,0,3.0,2.38,0.0,6.7,273.57096774193553,82.48387096774194,0.0,medium,light,Gentle Breeze
2022-03-31,273.94,257.82,281.18,80.0,27,100,0,0,3.0,2.1,0.5,8.7,273.57096774193553,82.48387096774194,0.0,medium,light,Moderate Breeze
2022-04-01,274.15,261.71,281.34,75.0,29,100,0,0,0.3,2.57,0.0,7.2,277.192,71.51666666666667,0.0,light,light,Gentle Breeze
2022-04-02,275.06,261.15,283.15,74.0,24,100,0,0,0.3,3.09,0.0,10.8,277.192,71.51666666666667,0.0,light,light,Fresh Breeze
2022-04-03,275.11,263.0,283.33,74.0,27,100,0,0,0.9,2.68,0.36,8.7,277.192,71.51666666666667,0.0,light,light,Moderate Breeze
2022-04-04,275.6,261.75,284.65,76.0,23,100,0,0,0.9,3.1,0.0,10.29,277.192,71.51666666666667,0.0,light,light,Moderate Breeze
2022-04-05,276.02,265.65,284.68,79.0,28,100,0,0,0.3,2.86,0.5,9.26,277.192,71.51666666666667,0.0,light,light,Moderate Breeze
2022-04-06,276.15,265.16,286.37,76.0,20,100,0,0,0.9,3.1,0.0,9.77,277.192,71.51666666666667,0.0,light,light,Moderate Breeze
2022-04-07,276.66,266.21,285.44,79.0,27,100,0,0,0.9,3.1,0.5,7.2,277.192,71.51666666666667,0.0,light,light,Gentle Breeze
2022-04-08,276.15,264.04,284.2,77.0,34,100,0,0,0.9,3.1,0.5,9.3,277.192,71.51666666666667,0.0,light,light,Moderate Breeze
2022-04-09,276.15,263.11,285.44,80.0,20,100,0,0,0.9,3.6,0.0,9.77,277.192,71.51666666666667,0.0,light,light,Moderate Breeze
2022-04-10,275.7,263.44,284.91,74.0,22,100,0,0,0.9,3.6,0.0,10.3,277.192,71.51666666666667,0.0,light,light,Moderate Breeze
2022-04-11,276.5,262.7,287.43,73.0,31,100,0,0,0.9,2.6,0.5,7.72,277.192,71.51666666666667,0.0,light,light,Gentle Breeze
2022-04-12,277.98,265.85,290.49,74.0,27,100,0,0,0.9,3.13,0.0,6.71,277.192,71.51666666666667,0.0,light,light,Gentle Breeze
2022-04-13,277.15,269.15,286.15,70.0,24,100,0,0,0.9,3.43,0.5,10.29,277.192,71.51666666666667,0.0,light,light,Moderate Breeze
2022-04-14,275.63,267.15,289.15,69.0,21,100,0,0,0.9,2.84,0.5,8.75,277.192,71.51666666666667,0.0,light,light,Moderate Breeze
2022-04-15,276.37,266.15,287.15,65.0,22,100,0,0,3.0,2.6,0.5,8.2,277.192,71.51666666666667,0.0,medium,light,Moderate Breeze
2022-04-16,277.09,267.15,288.25,70.0,21,100,0,0,0.9,2.8,0.5,6.7,277.192,71.51666666666667,0.0,light,light,Gentle Breeze
2022-04-17,277.39,266.15,290.52,69.5,15,100,0,0,0.9,3.1,0.5,7.7,277.192,71.51666666666667,0.0,light,light,Gentle Breeze
2022-04-18,278.15,267.15,291.08,64.0,14,100,0,0,0.3,2.95,0.0,7.2,277.192,71.51666666666667,0.0,light,light,Gentle Breeze
2022-04-19,278.86,265.15,289.38,62.0,24,100,0,0,0.9,2.6,0.0,6.7,277.192,71.51666666666667,0.0,light,light,Gentle Breeze
2022-04-20,279.02,272.05,290.9,71.0,24,100,0,0,0.9,2.87,0.0,8.7,277.192,71.51666666666667,0.0,light,light,Moderate Breeze
2022-04-21,280.15,271.82,292.11,61.0,23,100,0,0,0.3,2.86,0.5,10.8,277.192,71.51666666666667,0.0,light,light,Fresh Breeze
2022-04-22,279.81,268.97,291.01,65.0,27,100,0,0,0.3,3.09,0.0,7.7,277.192,71.51666666666667,0.0,light,light,Gentle Breeze
2022-04-23,278.62,271.15,291.42,60.0,20,100,0,0,0.3,3.6,0.5,9.39,277.192,71.51666666666667,0.0,light,light,Moderate Breeze
2022-04-24,277.84,268.58,293.82,74.0,18,100,0,0,0.3,3.1,0.0,6.71,277.192,71.51666666666667,0.0,light,light,Gentle Breeze
2022-04-25,278.14,267.69,292.22,75.0,26,100,0,0,0.9,3.13,0.0,8.2,277.192,71.51666666666667,0.0,light,light,Moderate Breeze
2022-04-26,278.15,269.15,289.89,81.0,22,100,0,0,0.9,2.6,0.0,8.2,277.192,71.51666666666667,0.0,light,light,Moderate Breeze
2022-04-27,278.15,269.56,294.52,70.0,22,100,0,0,0.9,2.42,0.0,7.7,277.192,71.51666666666667,0.0,light,light,Gentle Breeze
2022-04-28,278.36,268.15,290.97,69.0,22,100,0,0,3.0,2.6,0.0,8.7,277.192,71.51666666666667,0.0,medium,light,Moderate Breeze
2022-04-29,278.12,270.01,287.9,70.0,24,100,0,0,3.0,2.6,0.5,9.3,277.192,71.51666666666667,0.0,medium,light,Moderate Breeze
2022-04-30,277.53,269.46,288.15,69.0,24,100,0,0,0.9,2.68,0.5,8.2,277.192,71.51666666666667,0.0,light,light,Moderate Breeze
2022-05-01,279.08,270.85,289.15,73.0,26,100,0,0,0.9,3.52,0.5,8.7,282.97129032258067,65.2741935483871,0.0,light,light,Moderate Breeze
2022-05-02,279.13,268.88,288.15,74.0,29,100,0,0,3.0,3.1,0.5,9.26,282.97129032258067,65.2741935483871,0.0,medium,light,Moderate Breeze
2022-05-03,278.46,271.97,289.15,65.0,24,100,0,0,0.9,3.09,0.5,7.72,282.97129032258067,65.2741935483871,0.0,light,light,Gentle Breeze
2022-05-04,278.82,269.73,291.15,60.0,19,100,0,0,0.9,2.6,0.0,7.2,282.97129032258067,65.2741935483871,0.0,light,light,Gentle Breeze
2022-05-05,279.15,270.15,292.15,59.0,20,100,0,0,0.9,3.1,0.5,9.77,282.97129032258067,65.2741935483871,0.0,light,light,Moderate Breeze
2022-05-06,280.26,269.07,290.15,70.0,26,100,0,0,0.9,3.1,0.5,8.7,282.97129032258067,65.2741935483871,0.0,light,light,Moderate Breeze
2022-05-07,280.02,268.11,292.15,69.0,15,100,0,0,0.9,2.6,0.5,6.7,282.97129032258067,65.2741935483871,0.0,light,light,Gentle Breeze
2022-05-08,279.66,271.66,294.15,63.5,28,100,0,0,0.3,3.44,0.5,9.8,282.97129032258067,65.2741935483871,0.0,light,light,Moderate Breeze
2022-05-09,281.12,270.15,295.15,63.0,18,100,0,0,3.0,3.13,0.5,7.7,282.97129032258067,65.2741935483871,0.0,medium,light,Gentle Breeze
2022-05-10,282.06,269.15,295.15,68.0,25,100,0,0,0.9,3.6,0.5,10.3,282.97129032258067,65.2741935483871,0.0,light,light,Moderate Breeze
2022-05-11,282.47,267.15,295.15,69.0,24,100,0,0,0.9,3.1,0.5,7.2,282.97129032258067,65.2741935483871,0.0,light,light,Gentle Breeze
2022-05-12,282.15,268.15,297.15,66.0,19,100,0,0,3.0,3.1,0.5,8.75,282.97129032258067,65.2741935483871,0.0,medium,light,Moderate Breeze
2022-05-13,282.28,269.15,299.15,66.0,19,100,0,0,0.9,2.81,0.5,8.23,282.97129032258067,65.2741935483871,0.0,light,light,Moderate Breeze
2022-05-14,282.71,270.15,301.15,58.5,18,100,0,0,0.9,3.1,0.17,7.2,282.97129032258067,65.2741935483871,0.0,light,light,Gentle Breeze
2022-05-15,282.15,271.56,302.15,67.0,20,100,0,0,3.0,2.66,0.5,7.72,282.97129032258067,65.2741935483871,0.0,medium,light,Gentle Breeze
2022-05-16,282.69,270.15,301.15,69.0,21,100,0,0,0.9,2.12,0.5,7.34,282.97129032258067,65.2741935483871,0.0,light,light,Gentle Breeze
2022-05-17,282.33,271.02,297.15,75.0,22,100,0,0,0.9,2.57,0.42,8.23,282.97129032258067,65.2741935483871,0.0,light,light,Moderate Breeze
2022-05-18,284.0,273.53,297.78,63.0,23,100,0,0,0.9,3.01,0.5,7.2,282.97129032258067,65.2741935483871,0.0,light,light,Gentle Breeze
2022-05-19,284.98,271.44,298.8,62.0,25,100,0,0,0.9,3.09,0.5,7.2,282.97129032258067,65.2741935483871,0.0,light,light,Gentle Breeze
2022-05-20,286.15,273.66,298.53,62.0,28,100,0,0,0.9,3.09,0.5,6.69,282.97129032258067,65.2741935483871,0.0,light,light,Gentle Breeze
2022-05-21,286.15,273.44,300.28,63.0,24,100,0,0,3.0,2.6,0.5,7.72,282.97129032258067,65.2741935483871,0.0,medium,light,Gentle Breeze
2022-05-22,287.42,276.07,298.45,58.0,23,100,0,0,0.9,3.1,0.5,8.7,282.97129032258067,65.2741935483871,0.0,light,light,Moderate Breeze
2022-05-23,287.15,273.15,300.15,62.0,15,100,0,0,3.0,2.6,0.5,7.2,282.97129032258067,65.2741935483871,0.0,medium,light,Gentle Breeze
2022-05-24,285.14,273.73,301.62,60.0,19,100,0,0,0.3,2.6,0.5,6.17,282.97129032258067,65.2741935483871,0.0,light,light,Gentle Breeze
2022-05-25,286.15,276.91,297.2,71.0,28,100,0,0,3.0,2.69,0.5,8.2,282.97129032258067,65.2741935483871,0.0,medium,light,Moderate Breeze
2022-05-26,284.48,277.16,297.15,71.5,24,100,0,0,0.9,3.09,0.5,9.26,282.97129032258067,65.2741935483871,0.0,light,light,Moderate Breeze
2022-05-27,284.4,277.15,295.15,65.0,21,100,0,0,3.0,3.1,0.5,11.3,282.97129032258067,65.2741935483871,0.0,medium,light,Fresh Breeze
2022-05-28,285.17,277.41,295.43,70.0,24,100,0,0,0.9,3.1,0.51,8.75,282.97129032258067,65.2741935483871,0.0,light,light,Moderate Breeze
2022-05-29,285.14,277.1,297.15,63.0,27,100,0,0,0.9,3.6,0.5,10.3,282.97129032258067,65.2741935483871,0.0,light,light,Moderate Breeze
2022-05-30,286.15,275.15,298.15,56.0,30,100,0,0,0.9,3.09,0.5,9.3,282.97129032258067,65.2741935483871,0.0,light,light,Moderate Breeze
2022-05-31,285.09,276.15,300.15,62.0,24,100,0,0,0.9,3.6,0.5,9.8,282.97129032258067,65.2741935483871,0.0,light,light,Moderate Breeze
2022-06-01,284.8,275.59,300.15,65.5,22,100,0,0,0.9,3.6,0.5,10.3,287.91566666666665,64.75,0.0,light,light,Moderate Breeze
2022-06-02,286.06,274.47,300.15,62.0,32,100,0,0,0.9,3.24,0.5,8.7,287.91566666666665,64.75,0.0,light,light,Moderate Breeze
2022-06-03,287.29,275.15,301.11,63.0,23,100,0,0,0.9,4.1,0.5,8.23,287.91566666666665,64.75,0.0,light,light,Moderate Breeze
2022-06-04,287.15,277.15,300.95,59.0,26,100,0,0,0.9,3.1,0.5,8.2,287.91566666666665,64.75,0.0,light,light,Moderate Breeze
2022-06-05,286.45,277.98,299.08,59.0,26,100,0,0,0.3,2.6,0.0,8.2,287.91566666666665,64.75,0.0,light,light,Moderate Breeze
2022-06-06,287.15,275.15,302.87,59.0,28,100,0,0,0.9,2.6,0.5,10.8,287.91566666666665,64.75,0.0,light,light,Fresh Breeze
2022-06-07,288.15,273.15,300.51,57.0,26,100,0,0,3.0,3.1,0.5,9.8,287.91566666666665,64.75,0.0,medium,light,Moderate Breeze
2022-06-08,286.81,275.92,301.37,66.0,25,100,0,0,0.9,2.57,0.0,7.2,287.91566666666665,64.75,0.0,light,light,Gentle Breeze
2022-06-09,287.49,277.91,297.16,59.0,27,100,0,0,0.9,2.78,0.0,9.3,287.91566666666665,64.75,0.0,light,light,Moderate Breeze
2022-06-10,288.52,276.89,297.32,56.0,21,100,0,0,0.3,2.6,0.0,8.2,287.91566666666665,64.75,0.0,light,light,Moderate Breeze
2022-06-11,288.15,276.75,298.64,59.0,24,100,0,0,0.9,2.92,0.0,6.69,287.91566666666665,64.75,0.0,light,light,Gentle Breeze
2022-06-12,287.54,275.44,297.81,63.0,22,100,0,0,3.0,3.3,0.5,7.72,287.91566666666665,64.75,0.0,medium,light,Gentle Breeze
2022-06-13,287.65,278.74,297.64,65.0,22,100,0,0,3.0,2.91,0.5,8.7,287.91566666666665,64.75,0.0,medium,light,Moderate Breeze
2022-06-14,287.65,277.15,299.34,66.0,20,100,0,0,0.9,3.07,0.5,8.23,287.91566666666665,64.75,0.0,light,light,Moderate Breeze
2022-06-15,288.23,275.92,301.37,58.0,28,100,0,0,0.9,3.1,0.5,8.75,287.91566666666665,64.75,0.0,light,light,Moderate Breeze
2022-06-16,287.57,279.31,301.69,59.0,20,100,0,0,0.9,3.1,0.5,7.72,287.91566666666665,64.75,0.0,light,light,Gentle Breeze
2022-06-17,288.14,279.38,302.44,60.0,23,100,0,0,3.0,3.1,0.5,7.7,287.91566666666665,64.75,0.0,medium,light,Gentle Breeze
2022-06-18,288.15,277.97,301.29,72.0,26,100,0,0,0.9,3.61,0.5,8.7,287.91566666666665,64.75,0.0,light,light,Moderate Breeze
2022-06-19,288.15,277.22,301.65,67.0,18,100,0,0,0.9,3.1,0.5,12.3,287.91566666666665,64.75,0.0,light,light,Fresh Breeze
2022-06-20,288.53,275.93,302.51,65.0,19,100,0,0,0.9,2.87,0.5,8.2,287.91566666666665,64.75,0.0,light,light,Moderate Breeze
2022-06-21,288.88,275.48,301.75,65.0,34,100,0,0,3.0,2.78,0.45,8.23,287.91566666666665,64.75,0.0,medium,light,Moderate Breeze
2022-06-22,287.84,279.05,303.86,72.0,27,100,0,0,3.0,3.09,0.5,9.3,287.91566666666665,64.75,0.0,medium,light,Moderate Breeze
2022-06-23,288.15,277.15,300.71,71.0,30,100,0,0,3.0,2.41,0.5,7.2,287.91566666666665,64.75,0.0,medium,light,Gentle Breeze
2022-06-24,287.79,277.15,301.35,76.0,24,100,0,0,0.9,2.36,0.5,6.2,287.91566666666665,64.75,0.0,light,light,Gentle Breeze
2022-06-25,288.36,279.67,301.67,69.0,24,100,0,0,0.9,2.1,0.0,6.17,287.91566666666665,64.75,0.0,light,light,Gentle Breeze
2022-06-26,288.15,280.15,303.57,76.0,28,100,0,0,3.0,2.1,0.5,7.72,287.91566666666665,64.75,0.0,medium,light,Gentle Breeze
2022-06-27,289.15,275.93,304.25,71.5,23,100,0,0,0.9,2.64,0.5,7.2,287.91566666666665,64.75,0.0,light,light,Gentle Breeze
2022-06-28,289.57,276.15,303.85,63.5,27,100,0,0,0.9,2.6,0.0,8.2,287.91566666666665,64.75,0.0,light,light,Moderate Breeze
2022-06-29,290.15,277.15,302.5,71.0,26,100,0,0,0.9,3.1,0.45,7.7,287.91566666666665,64.75,0.0,light,light,Gentle Breeze
2022-06-30,289.8,275.93,303.09,68.0,29,100,0,0,0.9,3.09,0.45,11.8,287.91566666666665,64.75,0.0,light,light,Fresh Breeze
2022-07-01,290.19,278.95,301.44,64.0,30,100,0,0,0.9,3.34,0.5,8.2,289.8164516129032,71.7741935483871,0.0,light,medium,Moderate Breeze
2022-07-02,289.89,280.43,300.49,68.0,41,100,0,0,0.9,3.1,0.45,7.2,289.8164516129032,71.7741935483871,0.0,light,medium,Gentle Breeze
2022-07-03,288.72,280.33,301.81,73.5,29,100,0,0,3.0,3.1,0.5,9.83,289.8164516129032,71.7741935483871,0.0,medium,medium,Moderate Breeze
2022-07-04,288.72,279.78,301.53,77.0,29,100,0,0,3.0,3.6,0.5,9.39,289.8164516129032,71.7741935483871,0.0,medium,medium,Moderate Breeze
2022-07-05,288.79,280.28,301.76,67.5,34,100,0,0,3.0,3.6,0.5,9.8,289.8164516129032,71.7741935483871,0.0,medium,medium,Moderate Breeze
2022-07-06,288.89,277.15,300.46,67.0,38,100,0,0,3.0,4.02,0.5,10.8,289.8164516129032,71.7741935483871,0.0,medium,medium,Fresh Breeze
2022-07-07,287.82,276.15,301.4,72.0,37,100,0,0,0.9,3.37,0.5,7.72,289.8164516129032,71.7741935483871,0.0,light,medium,Gentle Breeze
2022-07-08,289.11,279.78,301.15,72.0,34,100,0,0,0.9,2.6,0.5,7.7,289.8164516129032,71.7741935483871,0.0,light,medium,Gentle Breeze
2022-07-09,288.15,279.15,301.15,76.0,30,100,0,0,3.0,2.59,0.0,8.2,289.8164516129032,71.7741935483871,0.0,medium,medium,Moderate Breeze
2022-07-10,290.15,278.37,304.46,67.0,30,100,0,0,3.0,3.09,0.27,7.2,289.8164516129032,71.7741935483871,0.0,medium,medium,Gentle Breeze
2022-07-11,289.15,281.2,296.93,79.0,33,100,0,0,3.0,2.6,0.5,6.7,289.8164516129032,71.7741935483871,0.0,medium,medium,Gentle Breeze
2022-07-12,290.15,277.92,300.18,72.0,28,100,0,0,0.9,2.6,0.5,8.7,289.8164516129032,71.7741935483871,0.0,light,medium,Moderate Breeze
2022-07-13,290.15,278.38,303.36,72.0,30,100,0,0,3.0,2.57,0.5,8.2,289.8164516129032,71.7741935483871,0.0,medium,medium,Moderate Breeze
2022-07-14,290.15,277.81,304.94,63.5,28,100,0,0,3.0,2.1,0.5,9.77,289.8164516129032,71.7741935483871,0.0,medium,medium,Moderate Breeze
2022-07-15,290.15,278.15,304.34,72.0,25,100,0,0,3.0,3.09,0.5,8.23,289.8164516129032,71.7741935483871,0.0,medium,medium,Moderate Breeze
2022-07-16,289.15,275.93,304.15,77.0,22,100,0,0,3.0,3.05,0.5,8.75,289.8164516129032,71.7741935483871,0.0,medium,medium,Moderate Breeze
2022-07-17,289.65,279.3,305.15,72.0,24,100,0,0,3.0,3.1,0.5,8.75,289.8164516129032,71.7741935483871,0.0,medium,medium,Moderate Breeze
2022-07-18,290.14,275.93,304.15,69.0,25,100,0,0,0.9,2.71,0.5,8.7,289.8164516129032,71.7741935483871,0.0,light,medium,Moderate Breeze
2022-07-19,288.15,279.78,302.15,72.0,28,100,0,0,0.9,2.55,0.5,7.2,289.8164516129032,71.7741935483871,0.0,light,medium,Gentle Breeze
2022-07-20,289.15,279.83,299.55,76.0,29,100,0,0,3.0,2.1,0.5,8.2,289.8164516129032,71.7741935483871,0.0,medium,medium,Moderate Breeze
2022-07-21,290.15,279.41,300.75,68.5,32,100,0,0,0.9,3.1,0.5,7.7,289.8164516129032,71.7741935483871,0.0,light,medium,Gentle Breeze
2022-07-22,290.15,280.73,301.64,68.0,26,100,0,0,0.9,3.1,0.5,8.2,289.8164516129032,71.7741935483871,0.0,light,medium,Moderate Breeze
2022-07-23,290.15,275.93,302.78,72.0,26,100,0,0,3.0,2.6,0.5,8.2,289.8164516129032,71.7741935483871,0.0,medium,medium,Moderate Breeze
2022-07-24,289.97,279.92,303.38,72.0,31,100,0,0,0.9,2.19,0.5,8.2,289.8164516129032,71.7741935483871,0.0,light,medium,Moderate Breeze
2022-07-25,291.16,279.7,304.63,68.0,33,100,0,0,0.9,2.59,0.45,6.2,289.8164516129032,71.7741935483871,0.0,light,medium,Gentle Breeze
2022-07-26,291.16,280.78,304.28,77.0,23,100,0,0,3.0,2.6,0.5,8.2,289.8164516129032,71.7741935483871,0.0,medium,medium,Moderate Breeze
2022-07-27,291.58,275.93,305.15,72.0,28,100,0,0,3.0,2.6,0.5,6.69,289.8164516129032,71.7741935483871,0.0,medium,medium,Gentle Breeze
2022-07-28,291.77,279.87,305.98,73.0,29,100,0,0,3.0,2.21,0.5,10.29,289.8164516129032,71.7741935483871,0.0,medium,medium,Moderate Breeze
2022-07-29,291.15,280.29,301.15,72.0,37,100,0,0,0.9,3.1,0.5,8.75,289.8164516129032,71.7741935483871,0.0,light,medium,Moderate Breeze
2022-07-30,289.97,275.93,304.15,77.0,38,100,0,0,3.0,2.6,0.0,7.2,289.8164516129032,71.7741935483871,0.0,medium,medium,Gentle Breeze
2022-07-31,290.68,282.65,303.15,77.0,34,100,0,0,0.9,2.6,0.5,7.2,289.8164516129032,71.7741935483871,0.0,light,medium,Gentle Breeze
2022-08-01,290.11,281.22,303.15,72.0,37,100,0,0,0.9,2.6,0.5,7.7,289.24838709677414,79.09677419354838,0.0,light,medium,Gentle Breeze
2022-08-02,290.52,280.59,303.15,72.0,37,100,0,0,3.0,2.66,0.5,7.2,289.24838709677414,79.09677419354838,0.0,medium,medium,Gentle Breeze
2022-08-03,290.24,275.93,301.15,70.5,38,100,0,0,0.9,3.6,0.5,6.7,289.24838709677414,79.09677419354838,0.0,light,medium,Gentle Breeze
2022-08-04,290.15,277.86,304.15,78.5,34,100,0,0,3.0,3.1,0.5,7.2,289.24838709677414,79.09677419354838,0.0,medium,medium,Gentle Breeze
2022-08-05,290.29,275.93,303.15,77.0,34,100,0,0,0.9,3.1,0.0,7.7,289.24838709677414,79.09677419354838,0.0,light,medium,Gentle Breeze
2022-08-06,290.15,280.28,302.15,77.0,28,100,0,0,3.0,3.1,0.5,11.83,289.24838709677414,79.09677419354838,0.0,medium,medium,Fresh Breeze
2022-08-07,291.15,275.93,305.22,75.5,33,100,0,0,3.0,2.6,0.5,9.77,289.24838709677414,79.09677419354838,0.0,medium,medium,Moderate Breeze
2022-08-08,291.15,282.4,299.2,77.0,41,100,0,0,0.9,3.07,0.5,11.18,289.24838709677414,79.09677419354838,0.0,light,medium,Fresh Breeze
2022-08-09,291.32,279.97,299.88,72.0,37,100,0,0,3.0,2.6,0.0,7.2,289.24838709677414,79.09677419354838,0.0,medium,medium,Gentle Breeze
2022-08-10,290.9,282.24,300.15,76.0,40,100,0,0,0.9,3.1,0.5,7.7,289.24838709677414,79.09677419354838,0.0,light,medium,Gentle Breeze
2022-08-11,289.78,275.93,297.15,81.0,40,100,0,0,3.0,2.86,0.5,7.72,289.24838709677414,79.09677419354838,0.0,medium,medium,Gentle Breeze
2022-08-12,289.76,278.92,299.72,74.5,46,100,0,0,3.0,2.57,0.5,9.96,289.24838709677414,79.09677419354838,0.0,medium,medium,Moderate Breeze
2022-08-13,289.15,279.87,299.83,79.5,24,100,0,0,3.0,3.09,0.5,8.2,289.24838709677414,79.09677419354838,0.0,medium,medium,Moderate Breeze
2022-08-14,289.08,279.15,300.69,82.0,37,100,0,0,3.0,2.41,0.5,9.26,289.24838709677414,79.09677419354838,0.0,medium,medium,Moderate Breeze
2022-08-15,288.8,275.93,301.64,77.0,37,100,0,0,3.0,2.6,0.16,7.7,289.24838709677414,79.09677419354838,0.0,medium,medium,Gentle Breeze
2022-08-16,290.28,279.15,303.47,77.0,26,100,0,0,0.9,3.12,0.45,8.2,289.24838709677414,79.09677419354838,0.0,light,medium,Moderate Breeze
2022-08-17,290.39,278.15,298.8,82.0,32,100,0,0,3.0,3.09,0.32,7.2,289.24838709677414,79.09677419354838,0.0,medium,medium,Gentle Breeze
2022-08-18,289.05,278.15,301.25,87.0,31,100,0,0,3.0,3.1,0.41,8.23,289.24838709677414,79.09677419354838,0.0,medium,medium,Moderate Breeze
2022-08-19,289.05,282.15,301.17,85.0,38,100,0,0,3.0,3.58,0.5,8.23,289.24838709677414,79.09677419354838,0.0,medium,medium,Moderate Breeze
2022-08-20,288.36,280.15,300.49,77.0,33,100,0,0,3.0,2.61,0.5,9.77,289.24838709677414,79.09677419354838,0.0,medium,medium,Moderate Breeze
2022-08-21,288.34,279.15,299.05,79.5,41,100,0,0,3.0,2.68,0.0,7.2,289.24838709677414,79.09677419354838,0.0,medium,medium,Gentle Breeze
2022-08-22,288.59,277.15,297.15,82.0,34,100,0,0,3.0,2.57,0.0,7.2,289.24838709677414,79.09677419354838,0.0,medium,medium,Gentle Breeze
2022-08-23,287.99,275.93,299.15,82.0,34,100,0,0,3.0,2.6,0.5,8.7,289.24838709677414,79.09677419354838,0.0,medium,medium,Moderate Breeze
2022-08-24,287.77,276.64,298.15,77.0,36,100,0,0,3.0,2.6,0.5,7.2,289.24838709677414,79.09677419354838,0.0,medium,medium,Gentle Breeze
2022-08-25,287.68,277.98,300.15,83.0,36,100,0,0,3.0,2.1,0.5,7.7,289.24838709677414,79.09677419354838,0.0,medium,medium,Gentle Breeze
2022-08-26,287.4,275.93,296.87,87.0,37,100,0,0,3.0,2.65,0.5,7.2,289.24838709677414,79.09677419354838,0.0,medium,medium,Gentle Breeze
2022-08-27,288.23,277.15,298.39,80.0,39,100,0,0,0.9,3.1,0.0,11.8,289.24838709677414,79.09677419354838,0.0,light,medium,Fresh Breeze
2022-08-28,288.15,278.15,299.48,81.0,39,100,0,0,3.0,2.6,0.5,6.2,289.24838709677414,79.09677419354838,0.0,medium,medium,Gentle Breeze
2022-08-29,287.26,275.93,297.81,82.0,38,100,0,0,3.0,2.81,0.5,7.2,289.24838709677414,79.09677419354838,0.0,medium,medium,Gentle Breeze
2022-08-30,287.46,278.15,295.81,82.0,40,100,0,0,3.0,2.1,0.5,6.2,289.24838709677414,79.09677419354838,0.0,medium,medium,Gentle Breeze
2022-08-31,288.15,279.15,295.15,87.0,40,100,0,0,3.0,2.1,0.5,7.2,289.24838709677414,79.09677419354838,0.0,medium,medium,Gentle Breeze
2022-09-01,287.89,277.64,297.04,82.0,42,100,0,0,0.9,2.57,0.5,7.7,285.15099999999995,85.7,0.0,light,medium,Gentle Breeze
2022-09-02,286.15,276.46,294.15,87.0,41,100,0,0,3.0,2.49,0.5,7.2,285.15099999999995,85.7,0.0,medium,medium,Gentle Breeze
2022-09-03,286.29,274.44,294.15,86.5,42,100,0,0,3.0,2.49,0.5,7.7,285.15099999999995,85.7,0.0,medium,medium,Gentle Breeze
2022-09-04,286.52,275.69,294.15,85.5,44,100,0,0,3.0,2.57,0.5,10.8,285.15099999999995,85.7,0.0,medium,medium,Fresh Breeze
2022-09-05,286.15,273.44,293.15,82.0,44,100,0,0,0.9,2.88,0.5,8.2,285.15099999999995,85.7,0.0,light,medium,Moderate Breeze
2022-09-06,286.15,274.44,293.15,83.0,44,100,0,0,3.0,2.1,0.5,6.7,285.15099999999995,85.7,0.0,medium,medium,Gentle Breeze
2022-09-07,286.26,276.44,298.15,82.0,47,100,0,0,3.0,2.6,0.0,7.2,285.15099999999995,85.7,0.0,medium,medium,Gentle Breeze
2022-09-08,286.0,274.81,297.15,87.0,40,100,0,0,3.0,2.33,0.0,6.2,285.15099999999995,85.7,0.0,medium,medium,Gentle Breeze
2022-09-09,287.33,275.79,294.93,93.0,40,100,0,0,0.9,2.1,0.5,7.86,285.15099999999995,85.7,0.0,light,medium,Gentle Breeze
2022-09-10,288.15,275.44,296.6,87.0,44,100,0,0,0.9,2.6,0.0,9.3,285.15099999999995,85.7,0.0,light,medium,Moderate Breeze
2022-09-11,288.14,278.15,294.82,87.0,38,100,0,0,3.0,2.1,0.0,7.7,285.15099999999995,85.7,0.0,medium,medium,Gentle Breeze
2022-09-12,287.15,276.44,293.9,87.0,36,100,0,0,3.0,3.1,0.0,10.3,285.15099999999995,85.7,0.0,medium,medium,Moderate Breeze
2022-09-13,285.9,277.15,294.15,76.0,35,100,0,0,3.0,2.68,0.5,9.8,285.15099999999995,85.7,0.0,medium,medium,Moderate Breeze
2022-09-14,285.08,278.44,293.26,82.0,45,100,0,0,0.9,2.6,0.5,7.2,285.15099999999995,85.7,0.0,light,medium,Gentle Breeze
2022-09-15,284.89,276.59,294.15,87.0,48,100,0,0,3.0,2.6,0.5,9.3,285.15099999999995,85.7,0.0,medium,medium,Moderate Breeze
2022-09-16,284.97,276.15,291.49,87.0,44,100,0,0,3.0,2.66,0.5,8.75,285.15099999999995,85.7,0.0,medium,medium,Moderate Breeze
2022-09-17,284.15,275.15,291.15,87.0,50,100,0,0,3.0,2.6,0.5,8.2,285.15099999999995,85.7,0.0,medium,medium,Moderate Breeze
2022-09-18,284.55,273.15,290.15,87.0,47,100,0,0,3.0,2.6,0.5,8.2,285.15099999999995,85.7,0.0,medium,medium,Moderate Breeze
2022-09-19,284.0,272.21,292.15,87.0,50,100,0,0,3.0,3.09,0.5,8.7,285.15099999999995,85.7,0.0,medium,medium,Moderate Breeze
2022-09-20,283.83,271.76,291.15,87.0,51,100,0,0,3.0,2.57,0.5,12.52,285.15099999999995,85.7,0.0,medium,medium,Fresh Breeze
2022-09-21,285.15,270.44,296.15,82.0,49,100,0,0,3.0,2.13,0.51,10.3,285.15099999999995,85.7,0.0,medium,medium,Moderate Breeze
2022-09-22,284.15,271.44,294.72,84.0,46,100,0,0,0.9,3.1,0.0,11.3,285.15099999999995,85.7,0.0,light,medium,Fresh Breeze
2022-09-23,283.15,272.33,291.15,86.0,35,100,0,0,3.0,3.1,0.5,9.7,285.15099999999995,85.7,0.0,medium,medium,Moderate Breeze
2022-09-24,281.49,273.39,293.49,88.0,46,100,0,0,0.9,2.6,0.5,6.69,285.15099999999995,85.7,0.0,light,medium,Gentle Breeze
2022-09-25,283.14,270.72,292.19,87.0,37,100,0,0,3.0,2.57,0.5,7.7,285.15099999999995,85.7,0.0,medium,medium,Gentle Breeze
2022-09-26,283.79,270.4,295.24,87.0,45,100,0,0,0.9,2.94,0.0,10.3,285.15099999999995,85.7,0.0,light,medium,Moderate Breeze
2022-09-27,284.15,272.84,296.02,87.0,46,100,0,0,0.9,3.09,0.5,8.7,285.15099999999995,85.7,0.0,light,medium,Moderate Breeze
2022-09-28,283.6,272.15,292.1,87.0,51,100,0,0,0.9,3.1,0.5,6.17,285.15099999999995,85.7,0.0,light,medium,Gentle Breeze
2022-09-29,283.21,271.15,290.35,92.0,49,100,0,0,0.9,2.6,0.5,7.7,285.15099999999995,85.7,0.0,light,medium,Gentle Breeze
2022-09-30,283.15,273.98,290.15,82.0,41,100,0,0,0.9,3.1,0.5,7.72,285.15099999999995,85.7,0.0,light,medium,Gentle Breeze
2022-10-01,282.15,270.51,289.04,82.0,54,100,0,0,0.9,3.1,0.5,8.2,279.4735483870968,89.53225806451613,0.0,light,light,Moderate Breeze
2022-10-02,282.16,271.04,290.28,87.0,50,100,0,0,0.9,3.09,0.0,9.8,279.4735483870968,89.53225806451613,0.0,light,light,Moderate Breeze
2022-10-03,281.89,274.81,289.38,87.0,54,100,0,0,3.0,3.1,0.5,8.2,279.4735483870968,89.53225806451613,0.0,medium,light,Moderate Breeze
2022-10-04,281.18,271.15,288.71,87.0,50,100,0,0,0.9,2.73,0.5,9.8,279.4735483870968,89.53225806451613,0.0,light,light,Moderate Breeze
2022-10-05,281.15,270.97,288.99,87.0,48,100,0,0,3.0,3.1,0.5,8.7,279.4735483870968,89.53225806451613,0.0,medium,light,Moderate Breeze
2022-10-06,281.15,269.15,288.31,86.0,48,100,0,0,3.0,3.6,0.5,8.87,279.4735483870968,89.53225806451613,0.0,medium,light,Moderate Breeze
2022-10-07,280.45,268.15,287.2,83.0,39,100,0,0,3.0,3.6,0.5,9.8,279.4735483870968,89.53225806451613,0.0,medium,light,Moderate Breeze
2022-10-08,281.15,267.15,286.91,90.0,45,100,0,0,0.9,3.6,0.5,9.3,279.4735483870968,89.53225806451613,0.0,light,light,Moderate Breeze
2022-10-09,281.72,265.15,286.15,93.0,52,100,0,0,0.9,2.61,0.5,9.3,279.4735483870968,89.53225806451613,0.0,light,light,Moderate Breeze
2022-10-10,282.18,266.15,289.15,92.0,48,100,0,0,0.9,3.02,0.5,8.05,279.4735483870968,89.53225806451613,0.0,light,light,Moderate Breeze
2022-10-11,281.46,267.15,287.12,92.0,46,100,0,0,3.0,2.6,0.5,10.29,279.4735483870968,89.53225806451613,0.0,medium,light,Moderate Breeze
2022-10-12,280.56,268.65,287.15,93.0,21,100,0,0,3.0,2.1,0.5,10.8,279.4735483870968,89.53225806451613,0.0,medium,light,Fresh Breeze
2022-10-13,279.91,267.8,288.15,92.0,38,100,0,0,3.0,2.1,0.0,6.71,279.4735483870968,89.53225806451613,0.0,medium,light,Gentle Breeze
2022-10-14,279.87,267.36,290.15,88.0,34,100,0,0,0.9,2.52,0.0,10.8,279.4735483870968,89.53225806451613,0.0,light,light,Fresh Breeze
2022-10-15,278.94,269.66,289.15,87.0,57,100,0,0,0.9,3.09,0.5,10.29,279.4735483870968,89.53225806451613,0.0,light,light,Moderate Breeze
2022-10-16,278.22,267.85,288.15,87.0,31,100,0,0,0.9,2.63,0.5,9.26,279.4735483870968,89.53225806451613,0.0,light,light,Moderate Breeze
2022-10-17,278.52,268.1,287.15,91.0,61,100,0,0,0.9,2.6,0.0,9.77,279.4735483870968,89.53225806451613,0.0,light,light,Moderate Breeze
2022-10-18,278.47,266.97,286.15,87.0,60,100,0,0,3.0,2.67,0.5,6.2,279.4735483870968,89.53225806451613,0.0,medium,light,Gentle Breeze
2022-10-19,278.0,269.65,284.6,92.0,53,100,0,0,3.0,2.65,0.0,7.2,279.4735483870968,89.53225806451613,0.0,medium,light,Gentle Breeze
2022-10-20,278.15,267.91,286.02,92.0,26,100,0,0,0.9,2.6,0.5,6.71,279.4735483870968,89.53225806451613,0.0,light,light,Gentle Breeze
2022-10-21,277.53,266.15,285.15,90.5,48,100,0,0,3.0,2.92,0.5,8.2,279.4735483870968,89.53225806451613,0.0,medium,light,Moderate Breeze
2022-10-22,277.53,266.15,285.15,92.0,60,100,0,0,3.0,3.6,0.5,11.32,279.4735483870968,89.53225806451613,0.0,medium,light,Fresh Breeze
2022-10-23,277.11,268.52,285.15,93.0,55,100,0,0,0.9,3.1,0.0,7.2,279.4735483870968,89.53225806451613,0.0,light,light,Gentle Breeze
2022-10-24,277.13,266.15,285.08,87.0,56,100,0,0,0.9,3.1,0.5,7.2,279.4735483870968,89.53225806451613,0.0,light,light,Gentle Breeze
2022-10-25,278.21,272.08,284.7,91.0,57,100,0,0,0.9,4.12,0.5,9.26,279.4735483870968,89.53225806451613,0.0,light,light,Moderate Breeze
2022-10-26,279.17,270.83,284.95,93.0,55,100,0,0,3.0,3.09,0.0,9.3,279.4735483870968,89.53225806451613,0.0,medium,light,Moderate Breeze
2022-10-27,278.94,268.15,286.21,93.0,56,100,0,0,0.9,3.13,0.5,8.2,279.4735483870968,89.53225806451613,0.0,light,light,Moderate Breeze
2022-10-28,278.15,265.15,286.34,92.0,56,100,0,0,3.0,2.64,0.45,6.7,279.4735483870968,89.53225806451613,0.0,medium,light,Gentle Breeze
2022-10-29,278.21,265.44,286.1,91.0,54,100,0,0,0.9,3.6,0.0,8.23,279.4735483870968,89.53225806451613,0.0,light,light,Moderate Breeze
2022-10-30,276.65,265.57,283.1,87.0,42,100,0,0,0.9,2.71,0.0,11.3,279.4735483870968,89.53225806451613,0.0,light,light,Fresh Breeze
2022-10-31,277.77,269.41,284.15,91.0,59,100,0,0,0.9,3.1,0.5,8.2,279.4735483870968,89.53225806451613,0.0,light,light,Moderate Breeze
2022-11-01,277.28,270.3,285.94,93.0,64,100,0,0,0.9,3.1,0.5,7.2,276.3206666666666,92.63333333333334,0.0,light,light,Gentle Breeze
2022-11-02,279.34,271.15,286.02,93.0,65,100,0,0,0.9,3.76,0.5,10.3,276.3206666666666,92.63333333333334,0.0,light,light,Moderate Breeze
2022-11-03,279.38,271.15,285.86,93.0,60,100,0,0,0.9,3.1,0.5,8.7,276.3206666666666,92.63333333333334,0.0,light,light,Moderate Breeze
2022-11-04,280.06,263.15,285.15,93.0,59,100,0,0,3.0,3.1,0.0,8.94,276.3206666666666,92.63333333333334,0.0,medium,light,Moderate Breeze
2022-11-05,278.39,261.15,282.31,92.0,45,100,0,0,3.0,3.35,0.5,9.8,276.3206666666666,92.63333333333334,0.0,medium,light,Moderate Breeze
2022-11-06,278.33,265.15,286.75,92.0,46,100,0,0,0.9,3.25,0.5,7.2,276.3206666666666,92.63333333333334,0.0,light,light,Gentle Breeze
2022-11-07,276.54,265.15,282.94,93.0,63,100,0,0,0.9,2.85,0.5,7.7,276.3206666666666,92.63333333333334,0.0,light,light,Gentle Breeze
2022-11-08,276.59,266.15,282.26,93.0,30,100,0,0,0.9,2.6,0.0,10.8,276.3206666666666,92.63333333333334,0.0,light,light,Fresh Breeze
2022-11-09,278.15,262.15,283.36,93.0,63,100,0,0,0.9,3.09,0.0,8.23,276.3206666666666,92.63333333333334,0.0,light,light,Moderate Breeze
2022-11-10,278.15,265.15,283.11,93.0,59,100,0,0,0.9,3.1,0.0,7.87,276.3206666666666,92.63333333333334,0.0,light,light,Gentle Breeze
2022-11-11,278.11,261.15,285.77,93.0,63,100,0,0,3.0,2.6,0.45,8.75,276.3206666666666,92.63333333333334,0.0,medium,light,Moderate Breeze
2022-11-12,277.82,266.15,286.89,93.0,54,100,0,0,0.9,3.6,0.5,9.26,276.3206666666666,92.63333333333334,0.0,light,light,Moderate Breeze
2022-11-13,276.61,272.15,282.23,93.0,63,100,0,0,3.0,2.6,0.0,8.7,276.3206666666666,92.63333333333334,0.0,medium,light,Moderate Breeze
2022-11-14,276.1,268.15,281.15,93.0,56,100,0,0,0.9,2.58,0.0,6.7,276.3206666666666,92.63333333333334,0.0,light,light,Gentle Breeze
2022-11-15,276.28,267.44,282.15,93.0,63,100,0,0,0.9,3.1,0.5,7.72,276.3206666666666,92.63333333333334,0.0,light,light,Gentle Breeze
2022-11-16,276.15,267.1,283.15,93.0,63,100,0,0,0.9,3.81,0.5,7.7,276.3206666666666,92.63333333333334,0.0,light,light,Gentle Breeze
2022-11-17,278.15,265.24,281.75,90.0,45,100,0,0,0.9,3.6,0.5,11.8,276.3206666666666,92.63333333333334,0.0,light,light,Fresh Breeze
2022-11-18,277.15,267.62,283.89,93.0,63,100,0,0,3.0,2.6,0.0,8.2,276.3206666666666,92.63333333333334,0.0,medium,light,Moderate Breeze
2022-11-19,276.11,263.55,283.55,93.0,63,100,0,0,0.9,2.76,0.5,13.9,276.3206666666666,92.63333333333334,0.0,light,light,Strong Breeze
2022-11-20,274.15,269.28,281.19,93.0,63,100,0,0,0.3,2.6,0.5,7.72,276.3206666666666,92.63333333333334,0.0,light,light,Gentle Breeze
2022-11-21,273.15,264.81,281.15,92.0,63,100,0,0,0.9,3.1,0.5,8.7,276.3206666666666,92.63333333333334,0.0,light,light,Moderate Breeze
2022-11-22,273.78,265.44,280.15,92.0,63,100,0,0,0.9,3.1,0.5,9.77,276.3206666666666,92.63333333333334,0.0,light,light,Moderate Breeze
2022-11-23,274.29,265.15,279.15,93.0,63,100,0,0,0.9,3.1,0.5,7.7,276.3206666666666,92.63333333333334,0.0,light,light,Gentle Breeze
2022-11-24,275.15,264.15,281.15,93.0,59,100,0,0,0.9,2.6,0.0,8.2,276.3206666666666,92.63333333333334,0.0,light,light,Moderate Breeze
2022-11-25,274.15,261.44,281.15,93.0,63,100,0,0,0.9,2.59,0.5,7.2,276.3206666666666,92.63333333333334,0.0,light,light,Gentle Breeze
2022-11-26,274.47,259.44,281.15,93.0,31,100,0,0,0.9,2.1,0.45,8.2,276.3206666666666,92.63333333333334,0.0,light,light,Moderate Breeze
2022-11-27,274.15,258.44,281.15,92.0,60,100,0,0,0.9,3.09,0.45,8.2,276.3206666666666,92.63333333333334,0.0,light,light,Moderate Breeze
2022-11-28,274.15,259.15,281.15,92.0,60,100,0,0,0.9,3.1,0.5,8.7,276.3206666666666,92.63333333333334,0.0,light,light,Moderate Breeze
2022-11-29,274.05,260.15,280.31,92.0,59,100,0,0,0.9,3.1,0.5,10.3,276.3206666666666,92.63333333333334,0.0,light,light,Moderate Breeze
2022-11-30,273.44,259.44,278.15,92.0,59,100,0,0,3.0,2.77,1.0,11.8,276.3206666666666,92.63333333333334,0.0,medium,light,Fresh Breeze
2022-12-01,273.15,265.08,277.24,89.5,54,100,0,0,3.0,3.6,0.5,10.8,273.7777419354839,91.98387096774194,0.0,medium,light,Fresh Breeze
2022-12-02,272.7,262.91,277.15,86.0,58,100,0,0,0.9,3.55,0.5,7.7,273.7777419354839,91.98387096774194,0.0,light,light,Gentle Breeze
2022-12-03,273.07,260.54,280.15,91.0,63,100,0,0,0.3,3.43,0.0,7.2,273.7777419354839,91.98387096774194,0.0,light,light,Gentle Breeze
2022-12-04,273.71,257.15,280.15,93.0,63,100,0,0,3.0,2.6,0.0,10.3,273.7777419354839,91.98387096774194,0.0,medium,light,Moderate Breeze
2022-12-05,275.09,254.44,281.15,87.0,63,100,0,0,3.0,3.6,0.5,10.3,273.7777419354839,91.98387096774194,0.0,medium,light,Moderate Breeze
2022-12-06,273.15,254.44,283.15,93.0,63,100,0,0,3.0,3.1,0.0,9.3,273.7777419354839,91.98387096774194,0.0,medium,light,Moderate Breeze
2022-12-07,274.1,251.44,280.15,92.0,63,100,0,0,0.9,4.1,0.0,12.3,273.7777419354839,91.98387096774194,0.0,light,light,Fresh Breeze
2022-12-08,274.15,252.44,279.5,92.0,63,100,0,0,0.9,3.1,0.0,8.2,273.7777419354839,91.98387096774194,0.0,light,light,Moderate Breeze
2022-12-09,274.15,262.44,280.15,92.0,63,100,0,0,0.9,3.26,0.5,9.8,273.7777419354839,91.98387096774194,0.0,light,light,Moderate Breeze
2022-12-10,272.34,260.15,281.15,92.0,63,100,0,0,3.0,3.6,0.0,8.7,273.7777419354839,91.98387096774194,0.0,medium,light,Moderate Breeze
2022-12-11,273.15,259.15,279.65,92.0,63,100,0,0,3.0,3.6,0.5,8.7,273.7777419354839,91.98387096774194,0.0,medium,light,Moderate Breeze
2022-12-12,273.15,258.15,281.15,93.0,52,100,0,0,0.9,3.53,0.5,15.9,273.7777419354839,91.98387096774194,0.0,light,light,Strong Breeze
2022-12-13,273.11,260.44,280.15,92.0,52,100,0,0,0.3,3.09,0.5,15.4,273.7777419354839,91.98387096774194,0.0,light,light,Strong Breeze
2022-12-14,272.15,261.54,277.36,92.0,68,100,0,0,0.9,3.1,0.5,6.2,273.7777419354839,91.98387096774194,0.0,light,light,Gentle Breeze
2022-12-15,274.15,259.91,278.79,93.0,74,100,0,0,3.0,3.6,0.0,6.82,273.7777419354839,91.98387096774194,0.0,medium,light,Gentle Breeze
2022-12-16,274.88,260.47,279.26,92.0,48,100,0,0,3.0,3.6,0.0,8.7,273.7777419354839,91.98387096774194,0.0,medium,light,Moderate Breeze
2022-12-17,273.15,264.62,279.21,93.0,63,100,0,0,0.9,2.6,0.5,8.7,273.7777419354839,91.98387096774194,0.0,light,light,Moderate Breeze
2022-12-18,274.51,270.15,280.23,96.0,80,100,0,0,3.0,3.1,0.5,8.23,273.7777419354839,91.98387096774194,0.0,medium,light,Moderate Breeze
2022-12-19,274.24,267.15,280.15,93.0,49,100,0,0,0.3,3.1,0.5,6.7,273.7777419354839,91.98387096774194,0.0,light,light,Gentle Breeze
2022-12-20,275.79,262.94,283.15,93.0,46,100,0,0,0.9,3.6,0.51,7.7,273.7777419354839,91.98387096774194,0.0,light,light,Gentle Breeze
2022-12-21,275.69,257.66,281.15,93.0,73,100,0,0,0.9,4.1,1.0,7.7,273.7777419354839,91.98387096774194,0.0,light,light,Gentle Breeze
2022-12-22,276.02,256.75,279.29,92.0,63,100,0,0,0.9,4.1,0.51,8.7,273.7777419354839,91.98387096774194,0.0,light,light,Moderate Breeze
2022-12-23,274.21,259.15,280.15,92.0,63,100,0,0,0.9,3.64,0.5,8.23,273.7777419354839,91.98387096774194,0.0,light,light,Moderate Breeze
2022-12-24,272.82,256.15,279.65,92.0,63,100,0,0,0.9,3.09,0.5,7.7,273.7777419354839,91.98387096774194,0.0,light,light,Gentle Breeze
2022-12-25,273.15,258.73,280.19,92.0,63,100,0,0,0.9,3.1,0.0,9.8,273.7777419354839,91.98387096774194,0.0,light,light,Moderate Breeze
2022-12-26,272.15,255.74,279.21,90.0,43,100,0,0,0.9,3.49,0.5,15.4,273.7777419354839,91.98387096774194,0.0,light,light,Strong Breeze
2022-12-27,273.06,259.46,278.46,93.0,54,100,0,0,0.9,2.72,0.0,8.74,273.7777419354839,91.98387096774194,0.0,light,light,Moderate Breeze
2022-12-28,272.23,257.58,278.8,93.0,31,100,0,0,0.9,2.6,0.5,8.2,273.7777419354839,91.98387096774194,0.0,light,light,Moderate Breeze
2022-12-29,273.88,256.46,277.92,93.0,63,100,0,0,0.9,3.52,0.5,8.2,273.7777419354839,91.98387096774194,0.0,light,light,Moderate Breeze
2022-12-30,274.86,267.65,279.7,93.0,63,100,0,0,0.9,3.6,0.5,7.7,273.7777419354839,91.98387096774194,0.0,light,light,Gentle Breeze
2022-12-31,275.15,269.15,280.15,92.0,63,100,0,0,0.9,3.6,0.0,8.23,273.7777419354839,91.98387096774194,0.0,light,light,Moderate Breeze
